$ 449.990,2024-09-08 22:50:23
$ 449.990,2024-09-09 00:47:16
$ 449.990,2024-09-09 00:49:52
$ 449.990,2024-09-09 00:54:57
$ 449.990,2024-09-09 00:55:08
$ 449.990,2024-09-09 00:55:26
$ 449.990,2024-09-09 00:58:25
$ 449.990,2024-09-09 01:39:45,https://portatilchile.com/notebooks/2269-lenovo-ideapad-5-15are05.html
449.990,2024-09-09 02:04:48,https://portatilchile.com/notebooks/2269-lenovo-ideapad-5-15are05.html
449.990,2024-09-09 02:05:08,https://portatilchile.com/notebooks/2269-lenovo-ideapad-5-15are05.html
449.990,2024-09-09 02:05:40,https://portatilchile.com/notebooks/2269-lenovo-ideapad-5-15are05.html
449.990,2024-09-09 02:06:23,https://portatilchile.com/notebooks/2269-lenovo-ideapad-5-15are05.html
449.990,2024-09-09 02:06:41,https://portatilchile.com/notebooks/2269-lenovo-ideapad-5-15are05.html
449.990,2024-09-09 02:06:54,https://portatilchile.com/notebooks/2269-lenovo-ideapad-5-15are05.html
449.990,2024-09-09 02:11:07,https://portatilchile.com/notebooks/2269-lenovo-ideapad-5-15are05.html
449.990,2024-09-09 02:11:44,https://portatilchile.com/notebooks/2269-lenovo-ideapad-5-15are05.html
449.990,2024-09-09 02:17:03,https://portatilchile.com/notebooks/2269-lenovo-ideapad-5-15are05.html
449.990,2024-09-09 02:24:08,https://portatilchile.com/notebooks/2269-lenovo-ideapad-5-15are05.html
449.990,2024-09-09 02:24:14,https://portatilchile.com/notebooks/2269-lenovo-ideapad-5-15are05.html
389.990,2024-09-09 02:45:59,https://articulo.mercadolibre.cl/MLC-1781311318-pc-gamer-vibora-black-v1-ryzen-5-4600g-ssd-256gb-ram-16-gb-_JM#position%3D47%26search_layout%3Dstack%26type%3Ditem%26tracking_id%3D044238cd-89b2-41ec-aed9-377bd7b8455d
389.990,2024-09-09 02:46:17,https://articulo.mercadolibre.cl/MLC-1781311318-pc-gamer-vibora-black-v1-ryzen-5-4600g-ssd-256gb-ram-16-gb-_JM#position%3D47%26search_layout%3Dstack%26type%3Ditem%26tracking_id%3D044238cd-89b2-41ec-aed9-377bd7b8455d
389.990,2024-09-09 02:59:22,https://articulo.mercadolibre.cl/MLC-1781311318-pc-gamer-vibora-black-v1-ryzen-5-4600g-ssd-256gb-ram-16-gb-_JM#position%3D47%26search_layout%3Dstack%26type%3Ditem%26tracking_id%3D044238cd-89b2-41ec-aed9-377bd7b8455d
449.990,2024-09-16 02:10:04,https://portatilchile.com/notebooks/2269-lenovo-ideapad-5-15are05.html
389.990,2024-09-16 02:10:28,https://articulo.mercadolibre.cl/MLC-1781311318-pc-gamer-vibora-black-v1-ryzen-5-4600g-ssd-256gb-ram-16-gb-_JM#position%3D47%26search_layout%3Dstack%26type%3Ditem%26tracking_id%3D044238cd-89b2-41ec-aed9-377bd7b8455d
